LID,ARTIST,EN_TITLE,KR_TITLE,GENRE,IS_OFFICIAL,URL
001,Big Bang,fantastic baby,fantastic baby,k-pop,0.0,https://youtu.be/3PbLm3Ihf-A
002,f(x),NU ABO,,k-pop,0.0,https://youtu.be/age5mokEV9I
003,Day6,Congratulations,,k-pop,1.0,
004,Big Bang,bang bang bang,뱅뱅뱅,k-pop,0.0,https://www.youtube.com/watch?v=BqDle1e98e0
005,NCT127,Highway to heaven,,k-pop,1.0,
006,(G)I-DLE,Oh my god,,k-pop,1.0,*
007,TOMORROW X TOGETHER,Cat & Dog,,k-pop,1.0,
008,NCT127,Cherry Bomb,,k-pop,1.0,
009,(G)I-DLE,hwaa,화,k-pop,1.0,"January 11, 2021"
010,Jimin,Like Crazy,,k-pop,1.0,"March 24, 2023"
011,Ateez,Take me home,,k-pop,1.0,"March 1, 2021"
012,ITZY,wanna be,wanna be,k-pop,1.0,
013,TVXQ,Hug,Hug,k-pop,1.0,
014,ITZY,loco,loco,k-pop,1.0,
015,EXO,For Life,For Life,k-pop,1.0,"January 30, 2019"
016,Twice,Cry for Me,Cry for Me,k-pop,1.0,
017,ITZY,in the morning,in the morning,k-pop,1.0,
018,Twice,More & More,More & More,k-pop,1.0,
019,Twice,I Can't Stop Me,I Can't Stop Me,k-pop,1.0,
020,(G)I-DLE,Latata,,k-pop,1.0,"May 15, 2020"
021,CLC,helicopter,,k-pop,1.0,"September 2, 2020"
022,Taeyang,Wedding Dress,,k-pop,1.0,"July 1, 2010"
023,Girls’ Generation-TTS,Dear Santa,,k-pop,1.0,"December 4, 2015"
024,Jessica,Fly,,k-pop,1.0,"May 27, 2016"
025,Jessica,Wonderland,,k-pop,1.0,
026,Shannon, Love Don’t Hurt,눈물이 흘러,k-pop,1.0,
027,HYO & 3LAU,Punk Right Now,,k-pop,1.0,
028,2ne1,can't nobdy,,k-pop,1.0,
029,Momoland,Thumbs up,,k-pop,1.0,
030,BoA,No.1,No.1,k-pop,1.0,
031,BoA,Valenti,Valenti,k-pop,1.0,
032,BoA,Only One,Only One,k-pop,1.0,
033,Cheeze,거짓말처럼,,k-pop,1.0,
034,Tiffany Young,What Do I Do,,k-pop,1.0,
035,BoA,ID Peace B,ID Peace B,k-pop,1.0,
036,Pixy,Bewitched,,k-pop,1.0,
037,GD & Top,We belong together,,k-pop,1.0,
038,U-KISS,Stop Girl,,k-pop,1.0,
039,OOHYO,Vineyard,,k-pop,1.0,
040,ONF,Beautiful Beautiful,,k-pop,1.0,v
041,BTS,I Need U,I Need U,k-pop,0.0,https://youtu.be/EIGIjqD_Uyg
042,BTS,fire,불타오르네,k-pop,0.0,https://www.youtube.com/watch?v=Pd2kdtihfKo
043,BTS,Blood Sweat & Tears,피 땀 눈물,k-pop,0.0,https://youtu.be/T6fgU9ufr8I
044,BTS,mic drop,mic drop,k-pop,0.0,https://www.youtube.com/watch?v=QUSvJBqsfTM
045,ITZY,not shy,not shy,k-pop,1.0,
046,TVXQ,mirotic,mirotic,k-pop,0.0,https://www.youtube.com/watch?v=z-RCJGMUswA
047,ITZY,DALLA DALLA,달라달라,k-pop,1.0,
048,Monsta X,Shoot out,Shoot out,k-pop,1.0,
049,wonder girls,nobody nobody,nobody nobody,k-pop,1.0,
050,girl's generation,the boys,the boys,k-pop,1.0,
051,boa,every heart,every heart,k-pop,1.0,
052,wonder girls,be my baby,be my baby,k-pop,1.0,
053,pentagon,do or not,do or not,k-pop,1.0,
054,big bang,always,always,k-pop,1.0,
055,boa,don't start now,don't start now,k-pop,1.0,
056,blank pink,whistle,휘파람,k-pop,0.0,https://youtu.be/JWxy8MQzi94
057,blank pink,boombayah,붐바야,k-pop,0.0,https://youtu.be/jZ6AvyRjDJ0
058,bts,fake love,fake love,k-pop,0.0,https://www.youtube.com/watch?v=-TZWzYEv0xw
059,brown eyed girls,abracadabra,abracadabra,k-pop,0.0,https://www.youtube.com/watch?v=nsHdfmwzBvw
060,bts,dna,dna,k-pop,0.0,https://www.youtube.com/watch?v=wyOpUVEnMiw
061,stray kids,top,top,k-pop,1.0,
062,stray kids,slump,slump,k-pop,1.0,
063,stray kids,laventer,laventer,k-pop,1.0,
064,moon byul,lunatic,,k-pop,1.0,
065,itzy,trust me,믿지,k-pop,1.0,
066,Wheein,water color,,k-pop,1.0,
067,p1harmony,do it like this,,k-pop,1.0,
068,big bang,lies,,k-pop,1.0,
069,G.NA,Things I’d Like To do With My Lover,애인이 생기면 하고 싶은 일,k-pop,1.0,
070,G.NA,Green Light,,k-pop,1.0,
071,G.NA,"I will get lost, you go your way",꺼져 줄게 잘 살아,k-pop,1.0,
072,UNIQ,Falling in Love,,k-pop,1.0,
073,Hyo,badster,,k-pop,1.0,
074,big bang,somebody to love,somebody to love,k-pop,0.0,https://youtu.be/JoOA8CKol-g
075,Hyo,sober,,k-pop,1.0,
076,itzy,icy,icy,k-pop,1.0,
077,iKON,love scenario,사랑을 했다,k-pop,0.0,https://www.youtube.com/watch?v=OPnaE_H3j1o
078,boa,key of heart,key of heart,k-pop,1.0,
079,boa,double,double,k-pop,1.0,
080,Stray Kids,Thunderous,소리꾼,k-pop,0.0,https://youtu.be/BS4ZRRbYLhg
081,Pixy,moonlight,,k-pop,1.0,
082,Stray Kids,back door,back door,k-pop,0.0,https://youtu.be/_VXWIxeTbT4
083,mamamu,dinga,딩가딩가,k-pop,0.0,https://youtu.be/KapK70LRGLE
084,Stray Kids,god's menu,신메뉴,k-pop,0.0,https://youtu.be/hDBtyrJ45U0
085,black pink,how you like that,how you like that,k-pop,0.0,https://youtu.be/XcWrZuxKN2k
086,big bang,la la la,,k-pop,1.0,
087,wonder girls,tell me,,k-pop,1.0,
088,ateez,inception,inception,k-pop,0.0,https://youtu.be/WNrIKYM4-LQ
089,twice,likey,likey,k-pop,0.0,https://youtu.be/Pltii5MRE_o
090,stray kids,double knot,double knot,k-pop,1.0,
091,NCT127,limitless,무한적아,k-pop,0.0,https://youtu.be/cmMTgnPxRiY
092,Stray Kids,maniac,maniac,k-pop,0.0,https://www.youtube.com/watch?v=xZB0HJ25mII
093,oh my girl,nonstop,nonstop,k-pop,0.0,https://youtu.be/RGSTzSajvWU
094,bts,On,on,k-pop,0.0,https://youtu.be/4A6B1DlZ38E
095,bts,boys with luv,작은 것들을 위한 시(boys with luv),k-pop,0.0,https://youtu.be/KvaM3bonPAA
096,mamamoo,egotistic,너나 해,k-pop,0.0,https://youtu.be/FvWXrgdKY-Y
097,black pink,forever young,forever young,k-pop,0.0,https://youtu.be/CJmOD2HWAoQ
098,mamamoo,starry night,별이 빛나는 밤,k-pop,0.0,https://youtu.be/WHNeXc5Xo6s
099,black pink,AS IF IT’S YOUR LAST,마지막처럼,k-pop,0.0,https://youtu.be/l-x_SicKYdI
100,winner,island,island,k-pop,0.0,https://youtu.be/I4YVj4rY_FA
101,winner,really really,really really,k-pop,0.0,https://youtu.be/B_wd1ZfijCU
102,monsta X,beautiful,아름다워,k-pop,0.0,https://youtu.be/GqsKS9Pgsms
103,bts,not today,not today,k-pop,0.0,https://youtu.be/blHNQSH4xeU
104,bts,spring day,봄날,k-pop,0.0,https://youtu.be/PsNs3v8m5ZQ
105,black pink,stay,stay,k-pop,0.0,https://youtu.be/IBxuOfk5wEM
106,red velvet,russian roulette,러시안 룰렛,k-pop,0.0,https://youtu.be/vN2IOOqC7sw
107,bts,butterfly,butterfly,k-pop,0.0,https://youtu.be/cVviFKQIkYg
108,aoa,good luck,good luck,k-pop,0.0,https://youtu.be/K39_HqOBxdE
109,bts,save me,save me,k-pop,0.0,https://youtu.be/QgK5uoRFcSg
110,bts,young forever,young forever,k-pop,0.0,https://youtu.be/AvSwRgRoyKI
111,twice,cheer up,cheer up,k-pop,0.0,https://youtu.be/E_KHeKkdFjY
112,ive,eleven,eleven,k-pop,0.0,https://youtu.be/Rb_cKhTHkpU
113,twice,scientist,scientist,k-pop,0.0,https://youtu.be/R_K4ijqTyXc
114,black pink,playing with fire,불장난,k-pop,0.0,https://youtu.be/VZJTpDL4ny4
115,twice,alcohol free,alcohol free,k-pop,0.0,https://youtu.be/kxZGa69o5fM
116,mamamoo,where are we now,where are we now,k-pop,0.0,https://youtu.be/E-zEaMikl20
117,bts,boy in luv,상남자,k-pop,0.0,https://youtu.be/Jrob7qtB5SI
118,black pink,lovesick girls,lovesick girls,k-pop,0.0,https://youtu.be/3oXCkizO2aI
119,dreamcatcher,deja vu,deja vu,k-pop,0.0,https://youtu.be/cuhENrcWW1M
120,tomorrow x together,can't you see me,"세계가 불타버린 밤, 우린...",k-pop,0.0,https://youtu.be/ba6w6g9MTYw
121,black pink,don't know what to do,don't know what to do,k-pop,0.0,https://youtu.be/CrU-y3XPSc8
122,black pink,feel special,feel special,k-pop,0.0,https://youtu.be/BaoW7Ez9kMw
123,twice,what is love,what is love,k-pop,0.0,https://youtu.be/SRp_Y5tdUs0
124,twice,Like OOH-AHH,OOH-AHH하게,k-pop,0.0,https://youtu.be/4kGTrWX1158
125,black pink,hope not,아니길,k-pop,0.0,https://youtu.be/zDUVUFFAW6o
126,twice,fancy,fancy,k-pop,0.0,https://youtu.be/9xcrRWKbeWc
127,dreamcatcher,piri,피리,k-pop,0.0,https://youtu.be/4neWTqm7xjs
128,red velvet,dumb dumb,dumb dumb,k-pop,0.0,https://youtu.be/vp2bpTmlV28
129,dreamcatcher,what,what,k-pop,0.0,https://youtu.be/Y9d6ekimd0Y
130,black pink,kill this love,kill this love,k-pop,0.0,https://youtu.be/284NTDYvxvQ
131,mamamoo,gogobebe,gogobebe,k-pop,0.0,https://youtu.be/HliBAWiukC8
132,exid,up & down,위아래,k-pop,0.0,https://youtu.be/vyF7M3Qkpko
133,dreamcatcher,you and i,you and i,k-pop,0.0,https://youtu.be/E25YRn--0OY
134,bts,idol,idol,k-pop,0.0,https://youtu.be/9npL_mJLm8U
135,twice,heartshaker,heartshaker,k-pop,0.0,https://youtu.be/k7ktIujSuKw
136,black pink,DDU-DU DDU-DU,뚜두뚜두,k-pop,0.0,https://youtu.be/RRj2KsQVRtk
137,bts,run,run,k-pop,0.0,https://youtu.be/af--ZGW3mJk
138,red velvet,red flavor,빨간맛,k-pop,0.0,https://youtu.be/Tm70wJxIrm4
139,dreamcatcher,good night,good night,k-pop,0.0,https://youtu.be/-wmHJ2-IV3w
140,twice,signal,signal,k-pop,0.0,https://youtu.be/tCaLIs9hZAw
141,twice,tt,tt,k-pop,0.0,https://youtu.be/oKz71mxcBks
142,exid,l.i.e,l.i.e,k-pop,0.0,https://youtu.be/53I-P8YvJaM
143,dreamcatcher,chase me,chase me,k-pop,0.0,https://youtu.be/xZlgr7gTpcI
144,aoa,heart attack,심쿵해,k-pop,0.0,https://youtu.be/NOoxbQr6uVI
145,girls' generation,catch me if you can,catch me if you can,k-pop,0.0,https://youtu.be/9mhZeyXSceE
146,aoa,like a cat,사뿐사뿐,k-pop,0.0,https://youtu.be/OpV62-86Fv4
147,vix,error,error,k-pop,0.0,https://youtu.be/6ei9I0xcfz8
148,2ne1,crush,crush,k-pop,0.0,https://youtu.be/dbakPMr9XdY
149,2ne1,gotta be you,너 아님 안돼,k-pop,0.0,https://youtu.be/9x9XqX8RSyE
150,2ne1,come back home,come back home,k-pop,0.0,https://youtu.be/b-sBxeXvnuc
151,nichkhun,umbrella,,k-pop,1.0,
152,wonder girls,so hot,,k-pop,1.0,
153,exid,fire,,k-pop,1.0,
154,brian joo,can't stop,,k-pop,1.0,
155,brian joo,bullet,,k-pop,1.0,
156,brian joo,domino,,k-pop,1.0,
157,brian joo,pretty woman,,k-pop,1.0,
158,brian joo,it's over now,,k-pop,1.0,
159,brian joo,tears run dry,눈물이 마르면,k-pop,1.0,
160,brian joo,all I know,검은 눈물,k-pop,1.0,
161,"BoA, WENDY, NINGNING",Time After Time,,k-pop,0.0,https://youtu.be/wLWh3LKaJ-g
162,megamax,painted love,,k-pop,1.0,
163,mustb,muffin christmas,,k-pop,1.0,
164,Royal Pirates,Shout out,,k-pop,1.0,
165,go woon,now i'm okay,,k-pop,1.0,
166,BoA,not over you,,k-pop,0.0,https://youtu.be/KLLLFuYNkdM
167,Jungsu,broken,,k-pop,1.0,
168,Jungsu,from now on,,k-pop,1.0,
169,tiffany Young,heartbreak hotel,,k-pop,1.0,
170,jessica,dancing on the moon,,k-pop,1.0,
171,dreamcatcher,tension,,k-pop,1.0,
172,jessica,world of dreams,,k-pop,1.0,
173,red velvet,bad boy,,k-pop,1.0,
174,nct 127,regular,,k-pop,1.0,
175,nct u,make a wish,,k-pop,1.0,
176,day6,zombie,,k-pop,1.0,
177,day6,you were beautiful,넌 예뻤어,k-pop,1.0,
178,god7,lullaby,,k-pop,1.0,
179,aespa,life's too short,,k-pop,1.0,
180,henry lau,monster,,k-pop,1.0,
181,d.o.,rose,,k-pop,1.0,
182,wonho,open mind,,k-pop,1.0,*
183,eric nam,run away,,k-pop,1.0,
184,itzy,sneakers,,k-pop,1.0,
185,wonho,lose,,k-pop,1.0,*
186,park bo gum,all my love,,k-pop,1.0,
187,henry lau,trap,,k-pop,1.0,
188,roy kim,egoist,이기주의보,k-pop,1.0,
189,wonho,blue,,k-pop,1.0,
190,sophiya,for the record,,k-pop,1.0,
191,oneus,shut up 받고 crazy hot,,k-pop,1.0,
192,tan,du du du,,k-pop,1.0,
193,bumzu,just,,k-pop,1.0,
194,to1,son of beast,,k-pop,1.0,
195,McKay,You will never know,,k-pop,1.0,
196,Jay park,count on me,,k-pop,1.0,*
197,Song Ji Eun,Tell Me,,k-pop,1.0,
198,oneus,bring it on,,k-pop,1.0,
199,nct dream,beatbox,,k-pop,1.0,
200,Tiffany Young,I just wanna dance,,k-pop,1.0,
201,Amber Liu,Heartbeat,,k-pop,1.0,
202,Jessica,Celebrate,,k-pop,1.0,
203,Bernard Park,Sleep Mode,,k-pop,1.0,
204,TO1,No more X,,k-pop,1.0,
205,Super Junior D&E,zero,,k-pop,1.0,
206,Yu Jei,Alone,그런 내사람,k-pop,1.0,
207,Ailee,Believe,,k-pop,1.0,
208,Amber Liu,Beautiful,,k-pop,1.0,
209,Jay Chang,Is You,,k-pop,1.0,
210,Oh My Girl,Etolie,,k-pop,1.0,
211,Jehwi,Looks like a real thing,,k-pop,1.0,*
212,Dmeanor,Why do we,,k-pop,1.0,
213,Rania,start a fire,,k-pop,1.0,
214,woohyo,papercut,,k-pop,1.0,
215,oneus,same scent,,k-pop,1.0,*
216,bumky,dancing on glass,,k-pop,1.0,
217,royal pirates,you,,k-pop,1.0,
218,royal pirates,fly to you,,k-pop,1.0,*
219,victon,chronograph,,k-pop,1.0,
220,f(x),4 walls,,k-pop,0.0,https://youtu.be/TrGKZ5h-4ZI
221,Raon,Promise,,k-pop,1.0,
222,esna,some,,k-pop,1.0,
223,holland,ocean like me,,k-pop,1.0,
224,the barberettes,summer love,,k-pop,1.0,
225,chocolat,I like it,,k-pop,1.0,
226,Jinusean,Celebrate,,k-pop,1.0,
227,babylon,one more night,,k-pop,1.0,
228,tan,louder,,k-pop,1.0,
229,tan,walking on the moon,,k-pop,1.0,
230,t-ara,sugar free,,k-pop,1.0,
231,nature,girls,,k-pop,1.0,
232,sophiya,therapy,,k-pop,1.0,
233,jessica,love me the same,,k-pop,1.0,
234,megan lee,8dayz,,k-pop,1.0,
235,esna,could we fall in love again,우린 다시 사랑할 수 있을까,k-pop,1.0,
236,jero,today,,k-pop,1.0,
237,Royal Pirates,Drawing the line,,k-pop,1.0,
238,esna,gentleman,,k-pop,1.0,
239,absix,savior,,k-pop,1.0,*
240,lunch,bad bye,,k-pop,1.0,
241,esna,a little lovin,,k-pop,1.0,
242,junny,not about you,,k-pop,1.0,
243,esna,attention,,k-pop,1.0,
244,jehwi,bird,,k-pop,1.0,
245,esna,"me, today",,k-pop,1.0,
246,esna,"I, I love you",,k-pop,1.0,
247,BoA,Who Are You,,k-pop,0.0,https://youtu.be/WB1b_JYhbgM
248,kevin oh,pieces of you,,k-pop,1.0,
249,kai,This is the moment,,k-pop,1.0,
250,boa,girls on top,,k-pop,1.0,
251,f(x),red light,,k-pop,0.0,https://youtu.be/ZEBnJepdaUY
252,kim bohyung,our story,,k-pop,1.0,
253,cupid,fifty fifty,,k-pop,1.0,
254,bts,hold me tight,,k-pop,0.0,https://youtu.be/8kUTakuW8gQ
255,f(x),rum pum pum pum(첫사랑니),,k-pop,0.0,https://youtu.be/wyx5HGnEVt8
256,jessica,falling crazy in love,,k-pop,1.0,
257,f(x),airplane,,k-pop,0.0,https://malloriemusic.blogspot.com/2015/02/fx-airplane.html
258,jessica,one more christmas,,k-pop,1.0,
259,jessica,golden sky,,k-pop,1.0,
260,las,runaway,,k-pop,1.0,
261,f(x),그림자,,k-pop,0.0,https://youtu.be/Om7tRStsgj4
262,wildberry,youniverse,너란 우주 안에서,k-pop,1.0,
263,twice,love line,,k-pop,0.0,https://youtu.be/OZHaDGOLMDw
264,boa,the lights of seoul,,k-pop,1.0,
265,viviz,pull up,,k-pop,0.0,https://youtu.be/QQZN2r9cxjk
266,lena park,constellations,이름을 잃은 별을 이어서,k-pop,1.0,
267,safira k,under the lonely sky,하늘 아래 그대와,k-pop,1.0,
268,twice,three times a day,,k-pop,1.0,
269,f(x),Pinocchio (Danger),,k-pop,0.0,https://youtu.be/qfhDvAs4l8Q
270,twice,only you,,k-pop,1.0,
271,twice,yes or yes,,k-pop,0.0,https://youtu.be/giEYdB5F7qI
272,f(x),all mine,,k-pop,0.0,https://youtu.be/c90OAYeQz3E
273,seventeen,rocket,,k-pop,1.0,
274,gummy,you are my everything,,k-pop,1.0,
275,alexa,revolution,,k-pop,1.0,
276,ace,cactus,,k-pop,1.0,
277,SF9,enough,예뻐지지마,k-pop,1.0,*
278,twice,set me free,,k-pop,1.0,
279,TRI.BE,WE ARE YOUNG,,k-pop,0.0,https://www.youtube.com/watch?v=U60QboJXHGk
280,brave girls,chi mat ba ram,,k-pop,1.0,
281,ailee,lose myself to you,,k-pop,1.0,
282,omega x,love me like,,k-pop,1.0,
283,big bang,together forever,눈물뿐인 바보,k-pop,1.0,*
284,rain,love song,널 붙잡을 노래,k-pop,1.0,
285,ailee,new ego,,k-pop,1.0,
286,ailee,beautiful disaster,,k-pop,1.0,
287,omega x,comfort,쉬어가도 돼,k-pop,1.0,
288,elan,runaway,,k-pop,1.0,
289,EXO,love shot,,k-pop,0.0,https://youtu.be/_s3xO3l_z2g
290,big bang,remember,,k-pop,1.0,
291,rania,masquerade,,k-pop,1.0,
292,rania,dr. feel good,,k-pop,1.0,
293,cnblue,control,,k-pop,1.0,
294,rania,just go,,k-pop,1.0,
295,aliee,bling,,k-pop,1.0,
296,aliee,my lips,,k-pop,1.0,
297,aliee,#mcm,,k-pop,1.0,
298,aliee,tattoo,,k-pop,1.0,
299,aliee,525,,k-pop,1.0,
300,aliee,what if I,,k-pop,1.0,
301,aliee,make up your mind,,k-pop,1.0,
302,jessi,missin' U,,k-pop,1.0,
303,amber liu,shake that brass,,k-pop,0.0,https://youtu.be/rF43V2MHjYs
304,amber liu,on my own,,k-pop,1.0,
305,Hong Jin Young,viva la vida,,k-pop,1.0,
306,alexa,bomb,,k-pop,1.0,
307,chai,gift,,k-pop,1.0,
308,lee joon wha,get up,,k-pop,1.0,
309,sohyang,we are one,,k-pop,1.0,
310,moon,let it flow,,k-pop,1.0,
311,omega x,"you, again",,k-pop,1.0,
312,Yoon Mirae,Get it in,,k-pop,1.0,
313,Taeyeon,Weekend,,k-pop,0.0,https://youtu.be/iUZAD-Lfx4k
314,Lee Boram,Freak,,k-pop,1.0,
315,Baby Vox,Xcstasy,,k-pop,1.0,
316,Kim Jin Ho,The Best of Me,,k-pop,1.0,
317,Yoon Mirae,As Time Goes By,,k-pop,1.0,
318,Wonder Girls,2 Different Tears,,k-pop,1.0,
319,beauty box,rat a rat,,k-pop,1.0,
320,omega x,come together,,k-pop,1.0,
321,Wengie,Empire,,k-pop,1.0,
322,f(x),Electric Shock,,k-pop,0.0,https://youtu.be/htME7eb-AcE
323,Yoon Mi Rae,To My Love,,k-pop,1.0,
324,Taeyang,I'll be there,,k-pop,1.0,
325,Super Junior,Sorry Sorry,,k-pop,0.0,https://youtu.be/Od3enb6N0tA
326,Super Junior,Mr Simple,,k-pop,0.0,https://youtu.be/I73IxMuU9Tc
327,esna,by your side,내가 너의 곁에 잠시 살았다는 걸,k-pop,1.0,
328,Yoon Mirae,Because I love you,,k-pop,1.0,
329,Yoon Mirae,La Musique,,k-pop,1.0,
330,a.irid,first flight,,k-pop,1.0,
331,TRAX X LIP2SHOT,notorious,,k-pop,1.0,
332,DJ Friz,Dive,,k-pop,1.0,
333,hwasaa,love comes,,k-pop,1.0,
334,loona,loonatic,,k-pop,1.0,
335,rania,breath heavy,,k-pop,1.0,
336,blackswan,close to me,,k-pop,1.0,
337,greatguys,touch by touch,,k-pop,1.0,
338,aliee,i will show you,,k-pop,0.0,https://youtu.be/jijUee0_tRU
339,sistar,lonely,,k-pop,0.0,https://youtu.be/tVMA4hpsWIU
340,2ne1,goodbye,,k-pop,0.0,https://youtu.be/gh3hIU-ZpI8
341,aliee,I Will Go To You Like The First Snow,,k-pop,0.0,https://youtu.be/QUxZj9Pch8U
342,taeyeon,11:11,,k-pop,0.0,https://youtu.be/wy1IsPFDjSw
343,aliee,home,,k-pop,0.0,https://youtu.be/j6bjwEUoZoA
344,girl's day,I'll be yours,,k-pop,0.0,https://youtu.be/JjC155vnvr8
345,taeyeon,I,,k-pop,0.0,https://youtu.be/-QWQfx2s-_I
346,hyolin,You know better,,k-pop,0.0,https://youtu.be/dulU7T5jnlU
347,taeyeon,fine,,k-pop,0.0,https://youtu.be/7rhxXIdmyrU
348,hyolin,layin' now,,k-pop,0.0,https://youtu.be/72NACH7yW1o
349,taeyeon,love in color,,k-pop,0.0,https://youtu.be/Mjp33STJqaI
350,got the beat,step back,,k-pop,0.0,https://youtu.be/szSaRiWEJww
351,IU,eight,,k-pop,0.0,https://youtu.be/6ZodxgZshk4
352,girl's generation,forever 1,,k-pop,0.0,https://youtu.be/daocAKfW_64
353,aliee,teardrop,,k-pop,0.0,https://youtu.be/X9RzsLeg3aA
354,4 minute,hate,,k-pop,0.0,https://youtu.be/YnXhQRNacQo
355,girl's generation,다시 만난 세계,,k-pop,0.0,https://youtu.be/a1fPV95o83I
356,apink,dumdurum,,k-pop,0.0,https://youtu.be/cyy32uyFGAk
357,stray kids,tmt,,k-pop,0.0,https://youtu.be/MNHZqerznXI
358,stray kids,Mixtape: On Track (바보라도 알아),,k-pop,0.0,https://youtu.be/H-GYKhZCuQg
359,everglow,no lie,,k-pop,0.0,https://youtu.be/s0gce9rKFg0
360,itzy,ting ting ting,,k-pop,0.0,https://youtu.be/_4scCiWZZJc
361,itzy,that's a no no,,k-pop,0.0,https://youtu.be/Nv88l2vGXzo
362,itzy,you make me,,k-pop,0.0,https://youtu.be/C7CjEje45to
363,itzy,nobody like you,,k-pop,0.0,https://youtu.be/pnIz2RYYYMA
364,everglow,dun dun,,k-pop,0.0,https://youtu.be/XdwW-lQrk8k
365,blackpink,see u later,,k-pop,0.0,https://youtu.be/tVA7xbossy4
366,dreamcatcher,scream,,k-pop,0.0,https://youtu.be/sXByZrZFqsQ
367,iz*one,fiesta,,k-pop,0.0,https://youtu.be/4b9JfAf_bjI
368,kard,red moon,,k-pop,0.0,https://youtu.be/rHyh29ogTsg
369,rocket punch,bouncy,,k-pop,0.0,https://youtu.be/3b9boUz0cB8
370,iKon,dive,,k-pop,0.0,https://youtu.be/EUOPDu4cxjU
371,loona,so what,,k-pop,0.0,https://youtu.be/oZBAcySS33I
372,(g)i-dle,Put It Straight (싫다고 말해) (Nightmare Ver.),,k-pop,0.0,https://youtu.be/YhGzyWCOYtA
373,b.i,one and only,,k-pop,0.0,https://youtu.be/Rgf9ah-b-bM
374,stray kids,mixtape : gone days,,k-pop,0.0,https://youtu.be/V7la6nZd94o
375,red velvet,psycho,,k-pop,0.0,https://youtu.be/ROlPBSSpqu0
376,twice,merry & happy,,k-pop,0.0,https://youtu.be/2VbwUTwFORM
377,loona,heart attack,,k-pop,0.0,https://youtu.be/e0hGF8cb3uE
378,cl,done,,k-pop,0.0,https://youtu.be/fR8PULxMpjI
379,mamamoo,우린 결국 다시 만날 운명이었지 (Destiny),,k-pop,0.0,https://youtu.be/lkQWECcqTSE
380,aoa,come see me,,k-pop,0.0,https://youtu.be/VLggxBLtU1I
381,bvndit,dumb,,k-pop,0.0,https://youtu.be/OBrjak6PFSc
382,iu,bbibbi,,k-pop,0.0,https://youtu.be/Z1o9xJI_l38
383,mamamoo,hip,,k-pop,0.0,https://youtu.be/XGqMYnVJdN0
384,stray kids,astronaut,,k-pop,0.0,https://youtu.be/eE83m8rqEvk
385,hyuna,flower shower,,k-pop,0.0,https://youtu.be/DrNnhzhbG-8
386,got7,you calling my name,"""니가 부르는 나의 이름""",k-pop,0.0,https://youtu.be/9v1dSsP5rGo
387,(g)i-dle,lion,,k-pop,0.0,https://youtu.be/u2ZkMA84yQc
388,txt,Run Away (9와 4분의 3 승강장에서 너를 기다려),,k-pop,0.0,https://youtu.be/cZV0Pq7LIPU
389,txt,Crown (어느날 머리에서 뿔이 자랐다),,k-pop,0.0,https://youtu.be/Fy1fxj9nhpY
390,SuperM,jopping,,k-pop,0.0,https://youtu.be/oQf7H_chNoE
391,girl's generation,Genie (소원을 말해봐),,k-pop,0.0,https://youtu.be/fQ9dXjWgSqk
392,twice,rainbow,,k-pop,0.0,https://youtu.be/FTSFMPR_f0g
393,twice,love foolish,,k-pop,0.0,https://youtu.be/8Vp8jAf79w4
394,twice,trick it,,k-pop,0.0,https://youtu.be/7kVWi0veKgg
395,twice,get loud,,k-pop,0.0,https://youtu.be/Amx2rFGn9u4
396,miss A,hush,,k-pop,0.0,https://youtu.be/3CmUvFkFtqg
397,twice,young & wild,,k-pop,0.0,https://youtu.be/7R9SKJ4ddag
398,bol4,wokraholic,,k-pop,0.0,https://youtu.be/LFwqZn61YtQ
399,itzy,it'z summer,,k-pop,0.0,https://youtu.be/A4I001zUDY0
400,clc,devil,,k-pop,0.0,https://youtu.be/OzBik0EgK7M
401,exo,call me baby,,k-pop,0.0,https://youtu.be/oPl_N_k3JVo
402,exo,overdose (중독),,k-pop,0.0,https://youtu.be/WQHgYEWp1u0
403,exo,growl,,k-pop,0.0,https://youtu.be/mldb1LlAHP8
404,exo,mama,,k-pop,0.0,https://youtu.be/aOyo_Um_2NE
405,GD & Taeyang,good boy,,k-pop,0.0,https://youtu.be/Ng9unnQAa4M
406,NMIXX,dice,,k-pop,0.0,https://www.youtube.com/watch?v=xnStvFL-JAc
407,exo,wolf,,k-pop,0.0,https://youtu.be/haavA_84kZU
408,crayon,bar bar bar,,k-pop,0.0,https://youtu.be/G2LotN35fBs
409,iKon,don't let me know,내가 모르게,k-pop,0.0,https://youtu.be/BYZsEDrWcoc
410,sunmi,lalalay,날라리,k-pop,0.0,https://youtu.be/z-vyXl5CWaQ
411,girl's generation,gee,,k-pop,0.0,https://youtu.be/sGHNd2C3aVE
412,everglow,hush,,k-pop,0.0,https://youtu.be/eIj2Lppxtlw
413,everglow,adios,,k-pop,0.0,https://youtu.be/3fk_GMVc90k
414,bolbbalgan4,galaxy,우주를 줄게,k-pop,0.0,https://youtu.be/8IWgPdhu1_s
415,weki meki,Tiki-Taka (99%),,k-pop,0.0,https://youtu.be/aXxBZYGQMSo
416,rocket punch,bim bam bum,,k-pop,0.0,https://youtu.be/cuFlJGkwEic
417,itzy,want it,,k-pop,0.0,https://youtu.be/U65CuVgGpdY
418,itzy,cherry,,k-pop,0.0,https://youtu.be/mn3YsNvP8gM
419,twice,one in a million,,k-pop,0.0,https://youtu.be/ZuN-r5VVZEY
420,lee hi,my star,,k-pop,0.0,https://youtu.be/63-TxAIEbc8
421,seulgi X sinb X shungha X soyeon,wow thing,,k-pop,0.0,https://youtu.be/s3TFMfrNQF4
422,bobby,I love you,,k-pop,0.0,https://youtu.be/omS0xCeqgwg
423,bol4,to my youth,나의 사춘기에게,k-pop,0.0,https://youtu.be/lI1mdFgXD4k
424,fromis9,love bomb,,k-pop,0.0,https://youtu.be/goYx4ru_xcY
425,celeb five,I wanna be a celeb,,k-pop,0.0,https://youtu.be/PoSjSw9t7dQ
426,day6,time of our life,한 페이지가 될 수 있게,k-pop,0.0,https://youtu.be/mNertEmMEdg
427,red velvet,sunny side up!,,k-pop,0.0,https://youtu.be/kB2jI8bjCfg
428,bol4,bom,"나만, 봄",k-pop,0.0,https://youtu.be/ceAXd-h6bDE
429,iKON,airplane,,k-pop,0.0,https://youtu.be/5_-0HF7XrhQ
430,gfriend,fever,,k-pop,0.0,https://youtu.be/NqODbKTGZVE
431,red velvet,zoo,,k-pop,0.0,https://youtu.be/VlFy8KFScFQ
432,(G)I-dle,uh-oh,,k-pop,0.0,https://youtu.be/CoUoHjknbvs
433,chung ha,snapping,,k-pop,0.0,https://youtu.be/GYasUZuYUjw
434,red velvet,zimzalabim,,k-pop,0.0,https://youtu.be/G_1gu0CkJOU
435,stray kids,side effects,부작용,k-pop,0.0,https://youtu.be/LZ_Hzal_APw
436,iKON,just for you,줄게,k-pop,0.0,https://youtu.be/UM4mmfL300A
437,somi,birthday,,k-pop,0.0,https://youtu.be/Y6fo6kxav50
438,g-dragon,heartbreaker,,k-pop,0.0,https://youtu.be/ajPIu6pdQi8
439,twice,breakthrough,,k-pop,0.0,https://youtu.be/qy2XefJ1k7I
440,2ne1,i am the best,내가 제일 잘 나가,k-pop,0.0,https://youtu.be/L1NUIuBPIfc
441,fromis_9,FUN!,,k-pop,0.0,https://youtu.be/5SKfhGcSs0k
442,Lee Hi,"1,2",한 두 번,k-pop,0.0,https://youtu.be/N-_Yn6UyB1k
443,Lee Hi,No One,누구 없소,k-pop,0.0,https://youtu.be/ZVFJAySEfLA
444,NCT 127,superhuman,,k-pop,0.0,https://youtu.be/MVbWjZ04UGQ
445,got7,eclipse,,k-pop,0.0,https://youtu.be/qbvKPsWYOtk
446,winner,ah yeah,아예,k-pop,0.0,https://youtu.be/3tZ1P8XVdOA
447,exid,me & you,,k-pop,0.0,https://youtu.be/uY9Mhk4XgcE
448,oh my girl,the fifth season,다섯번째 계절,k-pop,0.0,https://youtu.be/AxWj3_2cVG0
449,(g)i-dle,$$$,달라,k-pop,0.0,https://youtu.be/YxdnUu-6u-E
450,twice,strawberry,,k-pop,0.0,https://youtu.be/e4KBBFJXxh8
451,twice,girls like us,,k-pop,0.0,https://youtu.be/C07F2ueQ3G0
452,twice,fancy,,k-pop,0.0,https://youtu.be/Sp9s3EIEScg
453,blackpink,kick it,,k-pop,0.0,https://youtu.be/VZiUmMsM9Go
454,bts,bot with luv,작은 것들을 위한 시,k-pop,0.0,https://youtu.be/FiyBo4RjFSk
455,blackpink,don't know what to do,,k-pop,0.0,https://youtu.be/OFud40oKKNc
456,blackpink,kiill this love,,k-pop,0.0,https://youtu.be/52IRa5oWabo
457,iz*one,violeta,비올레타,k-pop,0.0,https://youtu.be/8f2if-FhTDg
458,kard,bomb bomb,,k-pop,0.0,https://youtu.be/SKGHvwTgx3M
459,stray kids,miroh,,k-pop,0.0,https://youtu.be/1xVh6DdZD6Q
460,got7,never ever,,k-pop,0.0,https://youtu.be/uq9X225NNPo
461,jisoo,flower,,k-pop,0.0,https://youtu.be/CVxb7gMxwBA
462,bts,we are bulletproof: the eternal,,k-pop,0.0,https://youtu.be/mIdGJNUzQjQ
463,gfriend,mago,,k-pop,0.0,https://youtu.be/oPxads1EDTk
464,dreamcatcher,maison,,k-pop,0.0,https://youtu.be/8Ng7nrbRI_I
465,mamamoo,where are we now,,k-pop,0.0,https://youtu.be/E-zEaMikl20
466,dreamcatcher,vision,,k-pop,0.0,https://youtu.be/xlkpR1CiLTA
467,stayc,beautiful monster,,k-pop,0.0,https://youtu.be/6ueDxbXLW5s
468,twice,talk that talk,,k-pop,0.0,https://youtu.be/5Vh7x-S3CVU
469,blackpink,ready for love,,k-pop,0.0,https://youtu.be/CNzP1pHnkg8
470,red velvet,feel my rhythm,,k-pop,0.0,https://youtu.be/BudadXkK4YU
471,bts,the truth untold,전하지 못한 진심,k-pop,0.0,https://youtu.be/-zc-kCeyWfs
472,BTS Jungkook (prod. SUGA),stay alive,,k-pop,0.0,https://youtu.be/Ldlz_mYKxLs
473,lisa,lalisa,,k-pop,0.0,https://youtu.be/iSgJM_Up-jQ
474,exo,monster,,k-pop,0.0,https://youtu.be/-n6O4YyQCeY
475,red velvet,lucky girl,,k-pop,0.0,https://youtu.be/5ZG2dgWbWdc
476,dreamcatcher,odd eye,,k-pop,0.0,https://youtu.be/kdPExI_8pDc
477,NMIXX,"Young, Dumb, Stupid ",,k-pop,0.0,https://www.youtube.com/watch?v=hZKX4sIz6g0
478,bts,blue and grey,,k-pop,0.0,https://youtu.be/dbSQMTg4cNA
479,bts,life goes on,,k-pop,0.0,https://youtu.be/KMUV4zHg-PQ
480,gfriend,time for the moon night,밤,k-pop,0.0,https://youtu.be/njy2abgNids
481,day6,shoot me,,k-pop,0.0,https://youtu.be/E1KfFyoptak
482,wendy,when this rain stops,,k-pop,0.0,https://youtu.be/0f8KdRMgxtc
483,dreamcatcher,BOCA,,k-pop,0.0,https://youtu.be/KUJR3Xdi2NY
484,dreamcatcher,red sun,,k-pop,0.0,https://youtu.be/J7zoZ4OOCuk
485,BTS,mikrokosmos,소우주,k-pop,0.0,https://youtu.be/tORxtaSoFAs
486,CLC,Black Dress,,k-pop,0.0,https://youtu.be/6RmBIbVJ_kI
487,bts,shadow (ballad ver.),,k-pop,0.0,https://youtu.be/U0fBXNid2PM
488,V of BTS,scenary,풍경,k-pop,0.0,https://youtu.be/kEgVRoqFPvA
489,EXO,obsession,,k-pop,0.0,https://youtu.be/8txUdY8fk1o
490,Red Velvet,Peek-A-Boo,피카부,k-pop,0.0,https://youtu.be/vy3lb98S6bo
491,EXID,how why,,k-pop,0.0,https://youtu.be/dxqA3QM-Y3M
492,RM of BTS,uhgood,어긋,k-pop,0.0,https://youtu.be/1g-MEd2lbgE
493,Dreamcatcher,trust me,괜찮아!,k-pop,0.0,https://youtu.be/v7duQkBz8X8
494,BTS Jungkook,Euphoria,,k-pop,0.0,https://youtu.be/2Kw_QHAhkko
495,Dreamcatcher,lullaby,,k-pop,0.0,https://youtu.be/HOgouVqRVw8
496,ive,kitsch,,k-pop,0.0,https://youtu.be/W9y0hbZ7Cag
497,Lee Hi,breathe,이하이,k-pop,0.0,https://youtu.be/Y7e9ydYhJFs
498,iKON,killing me,죽겠다,k-pop,0.0,https://youtu.be/nCV_Yn51c8Q
499,EXO,Tempo,템포,k-pop,0.0,https://youtu.be/vOgNRb4Yt_s
500,VIXX,scentist,향,k-pop,0.0,https://youtu.be/EjQxb_Hwo0M
501,monsta X,jealousy,,k-pop,0.0,https://youtu.be/kws5laCm9xA
502,ive,i am,,k-pop,0.0,https://youtu.be/0-dK47SfA5Q
503,Dreamcatcher,full moon,,k-pop,0.0,https://youtu.be/MLQEbm9m5n0
504,TWICE,Wallflower,,k-pop,0.0,https://www.youtube.com/watch?v=1ashMf-33ho
505,Dreamcatcher,fly high,,k-pop,0.0,https://youtu.be/D4St9HVxK7A
506,RM&V of BTS,4 O'CLOCK,,k-pop,0.0,https://youtu.be/PbYh4mYUZK0
507,seventeen,don't wanna cry,,k-pop,0.0,https://youtu.be/hw43jkk97NQ
508,red velvet,ice cream cake,,k-pop,0.0,https://youtu.be/okTraM_G2lU
509,new jeans,hype boy,,k-pop,0.0,https://youtu.be/3MEijmBa1nw
510,new jeans,attention,,k-pop,0.0,https://youtu.be/dtH8mEqJmFw
511,new jeans,ditto,,k-pop,0.0,https://youtu.be/p6fiCEIt3yo
512,ive,love dive,,k-pop,0.0,https://youtu.be/bdgzTEsanW8
513,le sserafim,antifragile,,k-pop,0.0,https://youtu.be/LPNuFyqDfk0
514,txt,sugar rush ride,,k-pop,0.0,https://youtu.be/UKG53GQf_Sg
515,everglow,bon bon chocolat,봉봉쇼콜라,k-pop,0.0,https://youtu.be/WWj5J0327II
516,(g)i-dle,tomboy,,k-pop,0.0,https://youtu.be/LmWdJ5IWlh4
517,le sserafim,fearless,,k-pop,0.0,https://youtu.be/MMYpIa2sZXk
518,itzy,cheshire,,k-pop,0.0,https://youtu.be/RLeHLgTpYls
519,aespa,dreams come true,,k-pop,0.0,https://youtu.be/u7eSTb7jdDw
520,jeon somi,xoxo,,k-pop,0.0,https://youtu.be/PMi-Bj8z5KY
521,iz*one,panorama,,k-pop,0.0,https://youtu.be/eG7owYZaZLg
522,everglow,pirate,,k-pop,0.0,https://youtu.be/lAl6ynx_FjI
523,kep1er,up!,,k-pop,0.0,https://youtu.be/c65NE1cxI5g
524,ive,after like,,k-pop,0.0,https://youtu.be/t6qgvEitdak
525,blackpink,shut down,,k-pop,0.0,https://youtu.be/JhnWVTmZtis
526,(g)i-dle,hann,한,k-pop,0.0,https://youtu.be/RTEuaY3N4vU
527,the boyz,no air,,k-pop,0.0,https://youtu.be/t9wdJ9ven50
528,somi,outta my head,,k-pop,0.0,https://youtu.be/sLbudOGIqo0
529,seulgi,28 reasons,,k-pop,0.0,https://youtu.be/sbxITEa0tSo
530,class:y,zealous,,k-pop,0.0,https://youtu.be/bY823-GbcbI
531,cravity,party rock,,k-pop,0.0,https://youtu.be/iCTYJVPSe78
532,park jihoon,nitro,,k-pop,0.0,https://youtu.be/SURpDK4q6N0
533,chen,last scene,사라지고있어,k-pop,0.0,https://youtu.be/KSIh0ukNLNo
534,red velvet,bye bye,,k-pop,0.0,https://youtu.be/74ZHgLDL5_0
535,kara,when I move,,k-pop,0.0,https://youtu.be/G36NeoWVRCc
536,highlight,alone,,k-pop,0.0,https://youtu.be/VRZIbXt9S6A
537,wei,spray,,k-pop,0.0,https://youtu.be/h0UWGnc_NUQ
538,p1harmony,back down,,k-pop,0.0,https://youtu.be/R3oFPOe98kw
539,victon,virus,,k-pop,0.0,https://youtu.be/iXr5P4ndS9Y
540,red velvet,birthday,,k-pop,0.0,https://youtu.be/RcNEKwl_NRc
541,treasure,hello,,k-pop,0.0,https://youtu.be/gNhgSzzAm7w
542,irris,wanna know,,k-pop,0.0,https://youtu.be/TRaU4sQvxC4
543,lapillus,gratata,,k-pop,0.0,https://youtu.be/Isy18XJR8p0
544,p1harmony,doom du doom,,k-pop,0.0,https://youtu.be/s7Tp7XTpfIg
545,pink fantasy,기괴한 이야기 : Get Out,,k-pop,0.0,https://youtu.be/6cwRUt7rVyk
546,stray kids,case 143,,k-pop,0.0,https://youtu.be/ASALQK17-kk
547,nct 127,2 baddies,질주,k-pop,0.0,https://youtu.be/Ghd-0eCu314
548,ITZY,Snowy,,k-pop,0.0,https://www.youtube.com/watch?v=0vGhZMdfITo
549,drippin,zero,,k-pop,0.0,https://youtu.be/ufsO-yVz7lU
550,hyuna,nabillera,,k-pop,0.0,https://youtu.be/Jrj7JiOqtlI
551,pink fantasy,Tales of the Unusual,기기괴괴,k-pop,0.0,https://youtu.be/55W36gQy8cc
552,mcnd,#mood,,k-pop,0.0,https://youtu.be/61ilUPiZNEk
553,aespa,girls,,k-pop,0.0,https://youtu.be/UfDr0zhS3Lw
554,lapillus,hit ya!,,k-pop,0.0,https://youtu.be/9vkSfQ4MFJ0
555,super junior,mango,,k-pop,0.0,https://youtu.be/r7l-cG8FE7g
556,jessi,who dat b,,k-pop,0.0,https://youtu.be/iE3rBlrdrRE
557,jessi,down,,k-pop,0.0,https://youtu.be/8nqaxids1is
558,chungha,sparkling,,k-pop,0.0,https://youtu.be/H238-4ntwGw
559,ab6ix,sugarcoat,,k-pop,0.0,https://youtu.be/RJDGAGEWY1Q
560,enhypen,future perfect (pass the mic),,k-pop,0.0,https://youtu.be/IbCq7VgDuk0
561,nayeon,pop!,,k-pop,0.0,https://youtu.be/4XHHd_rgo40
562,super junior,don't wait,,k-pop,0.0,https://youtu.be/6BbSwD_Pmxc
563,jungkook,my you,,k-pop,0.0,https://youtu.be/QdwOe1fD-Io
564,jessi,gucci,,k-pop,0.0,https://youtu.be/flNH68ZI3hg
565,seventeen,hot,,k-pop,0.0,https://youtu.be/Gb329051dzU
566,hyolyn x youngji,waka boom (my way),,k-pop,0.0,https://youtu.be/rhg9TBXfiss
567,refund sister,don't touch me,,k-pop,0.0,https://youtu.be/re9mdyJCMDE
568,NewJeans (뉴진스),OMG,,k-pop,0.0,https://www.youtube.com/watch?v=Nk5JiN9WFRY
569,b.i. ft. devita,btbt,,k-pop,0.0,https://youtu.be/SWwndCHZ1hA
570,wonho,crazy,,k-pop,0.0,https://youtu.be/vYri3FskZ5A
571,tripleS(트리플에스),Generation,,k-pop,0.0,https://www.youtube.com/watch?v=21p8PJFcpv8
572,tnx,move,,k-pop,0.0,https://youtu.be/ORQ9lgfkG68
573,astro,candy sugar pop,,k-pop,0.0,https://youtu.be/9uhJp4U_iUw
574,astro,knock,,k-pop,0.0,https://youtu.be/BckrkpHQncE
575,astro,all night,,k-pop,0.0,https://youtu.be/KmJ5QnfFKBc
576,got7,nanana,,k-pop,0.0,https://youtu.be/4QOtjVr7hF8
577,cl,chuck,,k-pop,0.0,https://youtu.be/JYQUWyNjkEI
578,psy feat. hwasa,now,,k-pop,0.0,https://youtu.be/5PuFWzzqp5E
579,astro,crazy sexy cool,,k-pop,0.0,https://youtu.be/B3tLmB8s-pM
580,ikon,but you,,k-pop,0.0,https://youtu.be/7V6XyWDt3Tc
581,txt,good boy gone bad,,k-pop,0.0,https://youtu.be/zQ-Z6c4FuvI
582,astro,one,,k-pop,0.0,https://youtu.be/-A1uz6w3yw4
583,hyo,deep,,k-pop,0.0,https://youtu.be/Ph46w4X_Rxo
584,astro,hide & seek,,k-pop,0.0,https://youtu.be/Mf5q6HNU0eI
585,ryeowook,hiding words,,k-pop,0.0,https://youtu.be/BbuT4QKSsXQ
586,psy ft. jessi,ganji,,k-pop,0.0,https://youtu.be/7l6UgPMFmzw
587,monsta x,love,,k-pop,0.0,https://youtu.be/ndI90YjNr0Q
588,stray kids,venom,,k-pop,0.0,https://youtu.be/O-fxqfxV9Z8
589,psy ft. suga,that that,,k-pop,0.0,https://youtu.be/S6go8xzob6Y
590,verivery,undercover,,k-pop,0.0,https://youtu.be/QnfNm4t5ADE
591,solar,honey,,k-pop,0.0,https://youtu.be/m3G51tb41BE
592,j.fla,stupid story,,k-pop,0.0,https://youtu.be/qe8I4Ps-qvI
593,jessi,zoom,,k-pop,0.0,https://youtu.be/M4O7ft5XI54
594,orange caramel,catallena,,k-pop,0.0,https://youtu.be/DwzM78x0C6A
595,bigbang,still life,,k-pop,0.0,https://youtu.be/EcZJ1D620lk
596,cravity,adrenaline,,k-pop,0.0,https://youtu.be/FWzYWsko2n0
597,weeekly,ven para,,k-pop,0.0,https://youtu.be/tmJbJPZZdG8
598,btob,i'll be your man,,k-pop,0.0,https://youtu.be/5s3GJiUG5N0
599,highlight,daydream,,k-pop,0.0,https://youtu.be/GhhdO_E7RR0
600,stray kids,lonely st,,k-pop,0.0,https://youtu.be/-aMb1y35MnI
601,stayc,run2u,,k-pop,0.0,https://youtu.be/81ZH6MFma-M
602,btob,wow,,k-pop,0.0,https://youtu.be/F04f5zJ4RLU
603,btob,the song,,k-pop,0.0,https://youtu.be/JdhN5VcJtuE
604,nmixx,o.o,,k-pop,0.0,https://youtu.be/20jwfkDOYhQ
605,btob,outsider,,k-pop,0.0,https://youtu.be/UPBxLGtxIOY
606,yena,lxxk 2 u,,k-pop,0.0,https://youtu.be/j6LI1sLx-k0
607,taeyeon,invu,,k-pop,0.0,https://youtu.be/Mlvy96vameA
608,apink,Dilemma,,k-pop,0.0,https://youtu.be/FNxCm4yVvg4
609,wonho,eye on you,,k-pop,0.0,https://youtu.be/wkAXP42Vfo4
610,apink,red carpet,,k-pop,0.0,https://youtu.be/uxXxuswG3Sw
611,treasure,jikjin,,k-pop,0.0,https://youtu.be/hQpHSXKRUSQ
612,t-ara,tiki taka,,k-pop,0.0,https://youtu.be/sOCyWu945cI
613,ateez,don't stop,,k-pop,0.0,https://youtu.be/zO--YXqIo2Y
614,rocket punch,chiquita,,k-pop,0.0,https://youtu.be/3snnrc91nA4
615,drippin',villain,,k-pop,0.0,https://youtu.be/RVI5GVQl1qc
616,pentagon,feelin' like,,k-pop,0.0,https://youtu.be/5QoYZmhQeiU
617,monsta x,rush hour,,k-pop,0.0,https://youtu.be/P5HUKrPswxU
618,jessi,cold blooded,,k-pop,0.0,https://youtu.be/ttaGWilqzFc
619,cl,spicy,,k-pop,0.0,https://youtu.be/AZECnlnN4O0
620,hyo ft. bibi,second,,k-pop,0.0,https://youtu.be/lShFI2nxF1Y
621,hwasa,i'm a b,,k-pop,0.0,https://youtu.be/xea1xe2KA00
622,sunmi,you can't sit with us,,k-pop,0.0,https://youtu.be/MEfY3IM0PUM
623,secret,love is move,,k-pop,0.0,https://youtu.be/77xOIlNM9L8
624,sunmi,narcissism,,k-pop,0.0,https://youtu.be/ijL1cdObrOw
625,secret,"starlight, moonlight",,k-pop,0.0,https://youtu.be/AOBd16FEjZw
626,secret,talk that,,k-pop,0.0,https://youtu.be/IrNu53EjcMI
627,red velvet,queendom,,k-pop,0.0,https://youtu.be/vEqajZKb9fk
628,secret,poison,,k-pop,0.0,https://youtu.be/-tf7pYVIFLQ
629,exo,don't fight the feeling,,k-pop,0.0,https://youtu.be/CUqj-CpHYvU
630,secret,magic,,k-pop,0.0,https://youtu.be/RA7nYuNdgkw
631,bambam,ribbon,,k-pop,0.0,https://youtu.be/Urjie3GvKFc
632,secret,shy boy,,k-pop,0.0,https://youtu.be/rINmxQHBkT0
633,apink,dumh durum,,k-pop,0.0,https://youtu.be/VTnW21mp5Eg
634,secret,madonna,,k-pop,0.0,https://youtu.be/25p2N-1lugo
635,rain x jackson wang,magnetic,,k-pop,0.0,https://youtu.be/BAUIdt3yEz4
636,chungha,bicycle,,k-pop,0.0,https://youtu.be/h24XLICbgxE
637,monsta x,gambler,,k-pop,0.0,https://youtu.be/veDiLXfN8L8
638,cheetah x jaime,villain,,k-pop,0.0,https://youtu.be/IefYU3wW68c
639,rain x chungha,why don't we [feat. serri],,k-pop,0.0,https://youtu.be/hKoxsCQM_4I
640,highlight,not the end,,k-pop,0.0,https://youtu.be/pwSwuUadf6E
641,monsta x,love killa,,k-pop,0.0,https://youtu.be/QdBAmtocDY8
642,miss a,bad girl good girl,,k-pop,0.0,https://youtu.be/JeDt2hvRgV4
643,shinee,don't call me,,k-pop,0.0,https://youtu.be/1x-q-63TAko
644,rain x jyp,switch to me,,k-pop,0.0,https://youtu.be/vPzCJvYV0HY
645,miss a,touch,,k-pop,0.0,https://youtu.be/2HhA76HzNq8
646,taemin,criminal,,k-pop,0.0,https://youtu.be/GBQiavHrxik
647,jy park ft. sunmi,when we disco,,k-pop,0.0,https://youtu.be/JnwlF5SFhm8
648,mamamoo,aya,,k-pop,0.0,https://youtu.be/vX5WJE7I2Js
649,hwasa,maria,,k-pop,0.0,https://youtu.be/RzQev9HLFIo
650,jessie,nunu nana,,k-pop,0.0,https://youtu.be/n3ChPhBQ7fc
651,soyou,gotta go,,k-pop,0.0,https://youtu.be/0Yg4pwHrtdA
652,super junior,2ya2yao,,k-pop,0.0,https://malloriemusic.blogspot.com/2020/02/super-junior-2ya2yao.html
653,super junior,i think i,,k-pop,0.0,https://malloriemusic.blogspot.com/2020/01/super-junior-i-think-i.html
654,max,chocolate,,k-pop,0.0,https://youtu.be/pz9R4aoF2iw
655,super junior,black suit,,k-pop,0.0,https://malloriemusic.blogspot.com/2020/01/super-junior-black-suit.html
656,super junior,ticky tocky,,k-pop,0.0,https://malloriemusic.blogspot.com/2020/02/super-junior-ticky-tocky.html
657,hyolyn,say my name,,k-pop,0.0,https://youtu.be/WmOr46MDzDE
658,super junior,"sexy, free & single",,k-pop,0.0,https://malloriemusic.blogspot.com/2020/01/super-junior-sexy-free-single.html
659,super junior,opera,,k-pop,0.0,https://www.youtube.com/watch?v=6ac__d8DwNo
660,super junior,twins (knock out),,k-pop,0.0,https://malloriemusic.blogspot.com/2020/01/super-junior-twins-knock-out.html
661,super junior,bonamana,,k-pop,0.0,https://malloriemusic.blogspot.com/2020/01/super-junior-bonamana.html
662,super junior-m,perfection,,k-pop,0.0,https://malloriemusic.blogspot.com/2020/01/super-junior-m-perfection.html
663,super junior x reik,one more time (otra vez) [feat. mathias guerreiro],,k-pop,0.0,https://youtu.be/b4AVSWcUtVI
664,astro,blue flame,,k-pop,0.0,https://youtu.be/zCYquMx93bg
665,4minute,huh (hit your heart),,k-pop,0.0,https://malloriemusic.blogspot.com/2020/01/4minute-huh-hit-your-heart.html
666,4minute,volume up,,k-pop,0.0,https://malloriemusic.blogspot.com/2020/01/4minute-volume-up.html
667,4minute,what's your name?,,k-pop,0.0,https://malloriemusic.blogspot.com/2020/01/4minute-whats-your-name.html
668,4minute,mirror mirror,,k-pop,0.0,https://malloriemusic.blogspot.com/2020/01/4minute-mirror-mirror.html
669,4minute,muzik,,k-pop,0.0,https://malloriemusic.blogspot.com/2020/01/4minute-muzik.html
670,monsta x,follow,,k-pop,0.0,https://malloriemusic.blogspot.com/2019/12/monsta-x-follow.html
671,monsta x,alligator,,k-pop,0.0,https://malloriemusic.blogspot.com/2019/12/monsta-x-alligator.html
672,4minute,hot issue,,k-pop,0.0,https://malloriemusic.blogspot.com/2020/01/4minute-hot-issue.html
673,monsta x,dramarama,,k-pop,0.0,https://malloriemusic.blogspot.com/2019/09/monsta-x-dramarama-english-cover.html
674,monsta x,fighter,,k-pop,0.0,https://malloriemusic.blogspot.com/2019/09/monsta-x-fighter.html
675,monsta x,trespass,,k-pop,0.0,https://malloriemusic.blogspot.com/2019/09/monsta-x-trespass.html
676,4minute,i my me mine,,k-pop,0.0,https://malloriemusic.blogspot.com/2020/01/4minute-i-my-me-mine.html
677,monsta x,rush hour,,k-pop,0.0,https://malloriemusic.blogspot.com/2019/09/monsta-x-hero.html
678,hyolyn,see sea,,k-pop,0.0,https://malloriemusic.blogspot.com/2018/09/hyolyn-see-sea.html
679,jennie,solo,,k-pop,0.0,https://malloriemusic.blogspot.com/2018/11/jennie-solo.html
680,hyolyn,bae,,k-pop,0.0,https://malloriemusic.blogspot.com/2018/09/hyolyn-bae.html
681,sf9,now or never,,k-pop,0.0,https://malloriemusic.blogspot.com/2018/10/blog-post.html
682,sunmi,siren,,k-pop,0.0,https://malloriemusic.blogspot.com/2018/09/sunmi-siren.html
683,the east light,love flutters,,k-pop,0.0,https://malloriemusic.blogspot.com/2018/11/the-east-light-love-flutters.html
684,seungri,"2001, 2, 3",,k-pop,0.0,https://malloriemusic.blogspot.com/2018/07/seungri-1-2-3.html
685,a.c.e,take me higher,,k-pop,0.0,https://malloriemusic.blogspot.com/2018/07/ace-take-me-higher.html
686,monsta x,hero,,k-pop,0.0,https://malloriemusic.blogspot.com/2019/09/monsta-x-hero_9.html
687,hyolin feat. gray,dally (feat. tip toe),,k-pop,0.0,https://youtu.be/uekskSv9Fa0
688,apink,i'm so sick,,k-pop,0.0,https://malloriemusic.blogspot.com/2018/07/apink-im-so-sick.html
689,halo,o.m.g,,k-pop,0.0,https://malloriemusic.blogspot.com/2018/07/halo-omg.html
690,samuel feat. ilhoon,one,,k-pop,0.0,https://malloriemusic.blogspot.com/2018/06/samuel-feat-ilhoon-one.html
691,aoa,bingle bangle,,k-pop,0.0,https://malloriemusic.blogspot.com/2018/07/aoa-bingle-bangle.html
692,seventeen,oh my!,,k-pop,0.0,https://malloriemusic.blogspot.com/2018/07/seventeen-oh-my.html
693,cross gene,touch it,,k-pop,0.0,https://malloriemusic.blogspot.com/2018/05/cross-gene-touch-it.html
694,got7,look,,k-pop,0.0,https://malloriemusic.blogspot.com/2018/06/got7-look.html
695,astro,baby,,k-pop,0.0,https://malloriemusic.blogspot.com/2018/06/astro-baby.html
696,shinee,good evening,,k-pop,0.0,https://malloriemusic.blogspot.com/2018/06/blog-post.html
697,super junior feat. leslie grace,lo siento,,k-pop,0.0,https://malloriemusic.blogspot.com/2018/06/super-junior-feat-leslie-grace-lo-siento.html
698,tvxq!,the chance of love,,k-pop,0.0,https://malloriemusic.blogspot.com/2018/04/tvxq-chance-of-love.html
699,the little mermaid,Poor Unfortunate Souls,불쌍한 영혼,disney,1.0,
700,nct u,boss,,k-pop,0.0,https://malloriemusic.blogspot.com/2018/04/nct-u-boss.html
701,pentagon,shine,,k-pop,0.0,https://malloriemusic.blogspot.com/2018/05/written-by-mallorie-herrera-wooseok.html
702,in2it,snapshot,,k-pop,0.0,https://malloriemusic.blogspot.com/2018/05/blog-post.html
703,sf9,o sole mio,,k-pop,0.0,https://malloriemusic.blogspot.com/2018/02/sf9-o-sole-mio.html
704,the east light,i got you,,k-pop,0.0,https://malloriemusic.blogspot.com/2018/02/the-east-light-i-got-you.html
705,lyn,back in time,,k-pop,0.0,https://malloriemusic.blogspot.com/2018/02/lyn-back-in-time.html
706,taeyang,darling,,k-pop,0.0,https://malloriemusic.blogspot.com/2017/08/taeyang-darling.html
707,bts,gogo,,k-pop,0.0,https://malloriemusic.blogspot.com/2018/01/bts-gogo.html
708,gfriend,fingertip,,k-pop,0.0,https://malloriemusic.blogspot.com/2018/01/gfriend-fingertip.html
709,minzy,ninano [feat. flosik],,k-pop,0.0,https://malloriemusic.blogspot.com/2018/01/minzy-ninano-feat-flosik.html
710,exo,the eve,,k-pop,0.0,https://malloriemusic.blogspot.com/2017/07/exo-eve.html
711,exo,koko bop,,k-pop,0.0,https://malloriemusic.blogspot.com/2017/07/exo-koko-bop.html
712,hotshot,jelly,,k-pop,0.0,https://malloriemusic.blogspot.com/2017/07/hotshot-jelly.html
713,b.a.p,wake me up,,k-pop,0.0,https://malloriemusic.blogspot.com/2017/06/bap-wake-me-up.html
714,k.a.r.d,rumor,,k-pop,0.0,https://malloriemusic.blogspot.com/2017/05/kard-rumor.html
715,k.a.r.d,oh nana,,k-pop,0.0,https://malloriemusic.blogspot.com/2017/05/kard-oh-nana.html
716,seventeen,boom boom,,k-pop,0.0,https://malloriemusic.blogspot.com/2017/05/seventeen-boom-boom.html
717,day6,i wait,,k-pop,0.0,https://malloriemusic.blogspot.com/2017/05/day6-i-wait.html
718,vixx,shangri-la (桃源境),,k-pop,0.0,https://malloriemusic.blogspot.com/2017/05/vixx-shangri-la.html
719,ikon,bling bling,,k-pop,0.0,https://malloriemusic.blogspot.com/2017/05/ikon-bling-bling.html
720,(bi) rain,the best present,,k-pop,0.0,https://malloriemusic.blogspot.com/2017/05/bi-rain-best-present.html
721,jun.k,think about you,,k-pop,0.0,https://malloriemusic.blogspot.com/2017/04/junk-think-about-you.html
722,vixx,fantasy,,k-pop,0.0,https://malloriemusic.blogspot.com/2017/01/vixx-fantasy.html
723,오후 2:00,promise (i’ll be),,k-pop,0.0,https://malloriemusic.blogspot.com/2017/02/2pm-promise-ill-be.html
724,sistar,i like that,,k-pop,0.0,https://malloriemusic.blogspot.com/2016/08/sistar-i-like-that.html
725,fei,fantasy,,k-pop,0.0,https://malloriemusic.blogspot.com/2016/08/fei-fantasy.html
726,seventeen,very nice,,k-pop,0.0,https://malloriemusic.blogspot.com/2016/08/seventeen-very-nice.html
727,exo,lucky one,,k-pop,0.0,https://malloriemusic.blogspot.com/2016/07/exo-lucky-one.html
728,luna,free somebody,,k-pop,0.0,https://malloriemusic.blogspot.com/2016/07/luna-free-somebody.html
729,wonder girls,why so lonely?,,k-pop,0.0,https://malloriemusic.blogspot.com/2016/07/wonder-girls-why-so-lonely.html
730,b.a.p,feel so good,,k-pop,0.0,https://malloriemusic.blogspot.com/2016/07/bap-feel-so-good.html
731,Death Note,Kira,,musical,1.0,
732,beast,ribbon,,k-pop,0.0,https://malloriemusic.blogspot.com/2016/07/beast-ribbon.html
733,nct u,without you,,k-pop,0.0,https://malloriemusic.blogspot.com/2016/06/nct-u-without-you.html
734,monsta x,걸어 (all in),,k-pop,0.0,https://malloriemusic.blogspot.com/2016/06/monsta-x-all-in.html
735,u-kiss,stalker,,k-pop,0.0,https://malloriemusic.blogspot.com/2016/06/u-kiss-stalker.html
736,map6,매력발산타임 (swagger time),,k-pop,0.0,https://malloriemusic.blogspot.com/2016/05/written-by-minhyuk-sign-sun-j.html
737,nu’est,여왕의 기사 (overcome),,k-pop,0.0,https://malloriemusic.blogspot.com/2016/06/nuest-overcome.html
738,red velvet,cool hot sweet love,,k-pop,0.0,https://malloriemusic.blogspot.com/2016/05/red-velvet-cool-hot-sweet-love.html
739,brave girls,변했어 (deepened),,k-pop,0.0,https://malloriemusic.blogspot.com/2016/05/brave-girls-deepened.html
740,전효성,나를 찾아줘,,k-pop,0.0,https://malloriemusic.blogspot.com/2016/04/jeon-hyo-sung-of-secret-please-find-me.html
741,vixx,dynamite,,k-pop,0.0,https://malloriemusic.blogspot.com/2016/05/vixx-dynamite.html
742,lee hi,손잡아 줘요 (hold your hand),,k-pop,0.0,https://malloriemusic.blogspot.com/2016/04/lee-hi-hold-your-hand.html
743,boys republic (소년공화국),get down,,k-pop,0.0,https://malloriemusic.blogspot.com/2016/04/boys-republic-get-down.html
744,exo,el dorado,,k-pop,0.0,https://malloriemusic.blogspot.com/2016/03/exo-el-dorado.html
745,history,queen,,k-pop,0.0,https://malloriemusic.blogspot.com/2016/04/history-queen.html
746,nct u,일곱 번째 감각 (the 7th sense),,k-pop,0.0,https://malloriemusic.blogspot.com/2016/04/nct-u-7th-sense.html
747,red velvet,7월 7일 (one of these nights),,k-pop,0.0,https://malloriemusic.blogspot.com/2016/03/red-velvet-7-7-one-of-these-nights.html
748,knk (크나큰),knock,,k-pop,0.0,https://malloriemusic.blogspot.com/2016/03/knk-knock.html
749,fiestar,mirror,,k-pop,0.0,https://malloriemusic.blogspot.com/2016/03/fiestar-mirror.html
750,up10tion (업텐션),여기여기 붙어라 (catch me!),,k-pop,0.0,https://malloriemusic.blogspot.com/2016/03/up10tion-catch-me.html
751,f(x) (에프엑스),milk,,k-pop,0.0,https://malloriemusic.blogspot.com/2016/03/fx-milk.html
752,cl,hello bitches,,k-pop,0.0,https://malloriemusic.blogspot.com/2016/02/cl-hello-bitches.html
753,epik high (에픽하이),don’t hate me,,k-pop,0.0,https://malloriemusic.blogspot.com/2016/02/epik-high-dont-hate-me.html
754,winner,센치해 (sentimental),,k-pop,0.0,https://malloriemusic.blogspot.com/2016/03/winner-sentimental.html
755,rainbow,whoo,,k-pop,0.0,https://malloriemusic.blogspot.com/2016/02/rainbow-whoo.html
756,psy,나팔바지 (bell bottoms),,k-pop,0.0,https://malloriemusic.blogspot.com/2016/02/psy-bell-bottoms.html
757,ryeowook,어린왕자 (the little prince),,k-pop,0.0,https://malloriemusic.blogspot.com/2016/02/ryeowook-little-prince.html
758,se7en,better together,,k-pop,0.0,https://malloriemusic.blogspot.com/2016/02/se7en-better-together.html
759,girls’ generation -taetiseo (소녀시대-태티서),adrenaline,,k-pop,0.0,https://malloriemusic.blogspot.com/2016/02/girls-generation-taetiseo-adrenaline.html
760,f(x) (에프엑스),beautiful stranger (by f(amber+luna+krystal)),,k-pop,0.0,https://malloriemusic.blogspot.com/2016/02/fx-beautiful-stranger-by.html
761,2ne1,날 따라 해봐요 (try to follow me),,k-pop,0.0,https://malloriemusic.blogspot.com/2016/02/2ne1-try-to-follow-me.html
762,dal★shabet (달샤벳),너같은 (someone like you),,k-pop,0.0,https://malloriemusic.blogspot.com/2016/01/dalshabet-someone-like-you.html
763,cl,나쁜 기집애 (the baddest female),,k-pop,0.0,https://malloriemusic.blogspot.com/2016/02/cl-baddest-female.html
764,tvxq (동방신기),love in the ice,,k-pop,0.0,https://malloriemusic.blogspot.com/2016/02/tvxq-love-in-ice.html
765,teen top,no more perfume on you (향수뿌리지마),,k-pop,0.0,https://malloriemusic.blogspot.com/2016/01/written-by-tianna-a_12.html
766,psy,daddy [feat. cl of 2ne1],,k-pop,0.0,https://malloriemusic.blogspot.com/2016/01/psy-daddy-feat-cl-of-2ne1.html
767,teen top,to you,,k-pop,0.0,https://malloriemusic.blogspot.com/2016/01/teen-top-to-you.html
768,stellar,찔려 (sting),,k-pop,0.0,https://malloriemusic.blogspot.com/2016/02/stellar-sting.html
769,teen top,아침부터 아침까지 (ah-ah),,k-pop,0.0,https://malloriemusic.blogspot.com/2016/01/teen-top-ah-ah.html
770,teen top,rocking,,k-pop,0.0,https://malloriemusic.blogspot.com/2016/01/teen-top-rocking.html
771,exo,sing for you,,k-pop,0.0,https://malloriemusic.blogspot.com/2016/01/exo-sing-for-you.html
772,b.a.p,"young, wild & free",,k-pop,0.0,https://malloriemusic.blogspot.com/2015/12/bap-young-wild-free.html
773,teen top,supa luv,,k-pop,0.0,https://malloriemusic.blogspot.com/2016/01/teen-top-supa-luv.html
774,ikon,apology (지못미),,k-pop,0.0,https://malloriemusic.blogspot.com/2016/01/ikon-apology.html
775,up10tion,so dangerous,,k-pop,0.0,https://malloriemusic.blogspot.com/2016/01/up10tion-so-dangerous.html
776,madtown,omgt,,k-pop,0.0,https://malloriemusic.blogspot.com/2015/11/madtown-omgt.html
777,seventeen,mansae (만세),,k-pop,0.0,https://malloriemusic.blogspot.com/2015/10/seventeen-mansae.html
778,vixx,chained up,,k-pop,0.0,https://malloriemusic.blogspot.com/2015/11/vixx-chained-up.html
779,got7,if you do (니가 하면),,k-pop,0.0,https://malloriemusic.blogspot.com/2015/11/got7-if-you-do.html
780,super junior,magic,,k-pop,0.0,https://malloriemusic.blogspot.com/2015/11/super-junior-magic.html
781,wonder girls,i feel you,,k-pop,0.0,https://malloriemusic.blogspot.com/2015/08/wonder-girls-i-feel-you.html
782,girls' generation,lion heart,,k-pop,0.0,https://malloriemusic.blogspot.com/2015/09/girls-generation-lion-heart.html
783,beast,yey (예이),,k-pop,0.0,https://malloriemusic.blogspot.com/2015/08/beast-yey.html
784,bigbang,let’s not fall in love (우리 사랑하지 말아요),,k-pop,0.0,https://malloriemusic.blogspot.com/2015/08/bigbang-lets-not-fall-in-love.html
785,girls' generation,you think,,k-pop,0.0,https://malloriemusic.blogspot.com/2015/09/girls-generation-you-think.html
786,vixx lr (빅스lr),beautiful liar,,k-pop,0.0,https://malloriemusic.blogspot.com/2015/08/vixx-lr-lr-beautiful-liar.html
787,bts (방탄소년단),outro,,k-pop,0.0,https://malloriemusic.blogspot.com/2015/08/bts-outro-love-is-not-over.html
788,infinite,bad,,k-pop,0.0,https://malloriemusic.blogspot.com/2015/07/infinite-bad.html
789,hyomin (효민) feat. loco,nice body,,k-pop,0.0,https://malloriemusic.blogspot.com/2015/08/hyomin-feat-loco-nice-body.html
790,Kinky Boots,What a woman wants,,musical,1.0,
791,9muses,hurt locker (다쳐),,k-pop,0.0,https://malloriemusic.blogspot.com/2015/07/9muses-hurt-locker.html
792,girls' generation,party,,k-pop,0.0,https://malloriemusic.blogspot.com/2015/07/girls-generation-party.html
793,big bang,if you,,k-pop,0.0,https://malloriemusic.blogspot.com/2015/07/big-bang-if-you.html
794,got7,just right (딱 좋아),,k-pop,0.0,https://malloriemusic.blogspot.com/2015/07/got7-just-right.html
795,2p m,my house (우리집),,k-pop,0.0,https://malloriemusic.blogspot.com/2015/07/2pm-my-house.html
796,sistar,shake it,,k-pop,0.0,https://malloriemusic.blogspot.com/2015/07/sistar-shake-it.html
797,limkim / kim yerim (김예림),love game (알면 다쳐),,k-pop,0.0,https://malloriemusic.blogspot.com/2015/06/limkim-kim-yerim-love-game.html
798,exo,love me right,,k-pop,0.0,https://malloriemusic.blogspot.com/2015/06/exo-love-me-right.html
799,seventeen (세븐틴),adore u (아낀다),,k-pop,0.0,https://malloriemusic.blogspot.com/2015/06/seventeen-adore-u.html
800,jun hyosung,into you (반해),,k-pop,0.0,https://malloriemusic.blogspot.com/2015/07/jun-hyosung-into-you.html
801,history,죽어버릴지도 몰라 (might just die),,k-pop,0.0,https://malloriemusic.blogspot.com/2015/07/history-might-just-die.html
802,big bang,bae bae,,k-pop,0.0,https://malloriemusic.blogspot.com/2015/05/big-bang-bae-bae.html
803,shinee,view,,k-pop,0.0,https://malloriemusic.blogspot.com/2015/05/shinee-view.html
804,f(x),la cha ta,,k-pop,0.0,https://malloriemusic.blogspot.com/2015/06/fx-la-cha-ta.html
805,f(x),hot summer,,k-pop,0.0,https://malloriemusic.blogspot.com/2015/06/fx-hot-summer.html
806,miss a,only you (다른 남자 말고 너),,k-pop,0.0,https://malloriemusic.blogspot.com/2015/04/miss-only-you.html
807,girls' generation-tts,only u,,k-pop,0.0,https://malloriemusic.blogspot.com/2015/04/girls-generation-tts-only-u.html
808,Frozen 2,Lost in woods,사랑이란 숲에서 길을 잃다,disney,1.0,
809,shannon,why why (왜요 왜요),,k-pop,0.0,https://malloriemusic.blogspot.com/2015/03/shannon-why-why.html
810,red velvet,automatic,,k-pop,0.0,https://malloriemusic.blogspot.com/2015/03/red-velvet-automatic.html
811,gain (가인),paradise lost,,k-pop,0.0,https://malloriemusic.blogspot.com/2015/03/gain-paradise-lost.html
812,exo,my answer,,k-pop,0.0,https://malloriemusic.blogspot.com/2015/04/exo-my-answer.html
813,gain (가인) feat. jay park,apple,,k-pop,0.0,https://malloriemusic.blogspot.com/2015/04/gain-feat-jay-park-apple.html
814,ze:a,here i am,,k-pop,0.0,https://malloriemusic.blogspot.com/2015/03/zea-here-i-am.html
815,shinhwa (신화),표적 (sniper),,k-pop,0.0,https://malloriemusic.blogspot.com/2015/03/shinhwa-sniper.html
816,xia (준수) feat. tablo,flower (꽃),,k-pop,0.0,https://malloriemusic.blogspot.com/2015/03/xia-feat-tablo-flower.html
817,boyfriend,bounce,,k-pop,0.0,https://malloriemusic.blogspot.com/2015/03/written-by-mallorie-herrera-donghyun.html
818,super junior-d&e,growing pains (너는 나만큼),,k-pop,0.0,https://malloriemusic.blogspot.com/2015/03/super-junior-d-growing-pains.html
819,rainbow,black swan,,k-pop,0.0,https://malloriemusic.blogspot.com/2015/03/rainbow-black-swan.html
820,hi suhyun ft. bobby,i’m different (나는 달라),,k-pop,0.0,https://malloriemusic.blogspot.com/2015/02/hi-suhyun-ft-bobby-im-different.html
821,ailee,sudden illness (문득병),,k-pop,0.0,https://malloriemusic.blogspot.com/2015/02/blog-post.html
822,4minute,cold rain (추운 비),,k-pop,0.0,https://malloriemusic.blogspot.com/2015/02/4minute-cold-rain.html
823,4minute,crazy (미쳐),,k-pop,0.0,https://malloriemusic.blogspot.com/2015/02/4minute-crazy.html
824,niel (니엘) ft. dok2,lovekiller (못된 여자),,k-pop,0.0,https://malloriemusic.blogspot.com/2015/02/niel-ft-dok2-lovekiller.html
825,jonghyun (종현) ft. zion.t,déjà-boo (데자-부),,k-pop,0.0,https://malloriemusic.blogspot.com/2015/03/jonghyun-ft-ziont-deja-boo.html
826,Frozen2,Into the unknown,숨겨진 세상,disney,1.0,
827,EXID(이엑스아이디),ME&YOU,,k-pop,0.0,https://www.youtube.com/watch?v=uY9Mhk4XgcE
828,GWSN (공원소녀),Pinky Star (RUN),,k-pop,0.0,https://www.youtube.com/watch?v=nVhcv2QdimM
829,SUNMI (선미),Noir (누아르),,k-pop,0.0,https://www.youtube.com/watch?v=q5bnlW0u4Nw
830,iKON (아이콘),I'm OK,,k-pop,0.0,https://www.youtube.com/watch?v=6F4LLFmeUPE
831,DAY6,days gone by (행복했던 날들이었다),,k-pop,0.0,https://www.youtube.com/watch?v=QrbSBlT4vgc
832,EXID (이엑스아이디),I Love You (알러뷰),,k-pop,0.0,https://www.youtube.com/watch?v=rQ9bJ9GeiHY
833,Wanna One (워너원),Spring Breeze (봄바람),,k-pop,0.0,https://www.youtube.com/watch?v=llUVUC321RY
834,IZ*ONE (아이즈원),La Vie en Rose (라비앙로즈),,k-pop,0.0,https://www.youtube.com/watch?v=6irVKfxAtkE
835,iKON (아이콘),Goodbye Road (이별길),,k-pop,0.0,https://www.youtube.com/watch?v=1BZrhAaeM7Q
836,Girls' Generation,Oh!GG (소녀시대-Oh!GG),,k-pop,0.0,https://www.youtube.com/watch?v=_ziQbX0NM9s
837,SUNMI(선미),Siren(사이렌),,k-pop,0.0,https://www.youtube.com/watch?v=EsxOXVSDHPs
838,Red Velvet (레드벨벳),Power Up,,k-pop,0.0,https://www.youtube.com/watch?v=fr5hPiTF54I
839,KARD (카드),Ride On The Wind,,k-pop,0.0,https://www.youtube.com/watch?v=z8l62N16_dY
840,Frozen2,All is found,자장가,disney,1.0,
841,Twice (트와이스),Dance The Night Away,,k-pop,0.0,https://www.youtube.com/watch?v=LnHBWpdvpJ4
842,MOMOLAND(모모랜드),BAAM (배앰),,k-pop,0.0,https://www.youtube.com/watch?v=VJqMVxt1LTk
843,BOL4(볼빨간사춘기),Travel(여행),,k-pop,0.0,https://www.youtube.com/watch?v=33Uzlouujoo
844,UNI.T (유니티),No More (넘어),,k-pop,0.0,https://www.youtube.com/watch?v=RkX8uMLHLJQ
845,Shinhwa,Perfect Man,,k-pop,1.0,
846,GOT7 (갓세븐),One And Only You (너 하나만) (Feat. Hyolyn 효린),,k-pop,0.0,https://www.youtube.com/watch?v=4dT-ycIh4z0
847,TWICE (트와이스),Missing U,,k-pop,0.0,https://www.youtube.com/watch?v=0FuVLfx4xVY
848,GOT7,NOT BY THE MOON,,k-pop,0.0,https://www.youtube.com/watch?v=5wToal7tpmo
849,SOLAR (솔라),Spit It Out (뱉어),,k-pop,0.0,https://www.youtube.com/watch?v=QIeVfAEvZN4
850,NCT DREAM,Ridin',,k-pop,0.0,https://www.youtube.com/watch?v=npn9XVSRqqg
851,GWSN (공원소녀),BAZOOKA!,,k-pop,0.0,https://www.youtube.com/watch?v=z2ttfrkYtew
852,NATTY (나띠),NINETEEN,,k-pop,0.0,https://www.youtube.com/watch?v=QO2ykWjH7hM
853,SECRET NUMBER (시크릿넘버),Who Dis?,,k-pop,0.0,https://www.youtube.com/watch?v=JLJ1s-ZAYWY
854,TWICE,Oxygen,,k-pop,0.0,https://www.youtube.com/watch?v=T6GkVjhHCnc
855,TWICE,Firework,,k-pop,0.0,https://www.youtube.com/watch?v=Wc54_-8jmJc
856,TWICE,Shadow,,k-pop,0.0,https://www.youtube.com/watch?v=Nh956bPn9eI
857,TWICE,Make Me Go,,k-pop,0.0,https://www.youtube.com/watch?v=-PjfO6xrTt8
858,GFRIEND(여자친구),Love Whisper (귀를 기울이면),,k-pop,0.0,https://www.youtube.com/watch?v=bDDlik4Pdl4
859,SEVENTEEN (세븐틴),Left & Right,,k-pop,0.0,https://www.youtube.com/watch?v=WvYqKeTwCqM
860,Secret Number (시크릿넘버),Holiday,,k-pop,0.0,https://www.youtube.com/watch?v=N0sRjq-yXCA
861,Hwa Sa (화사),Maria (마리아),,k-pop,0.0,https://www.youtube.com/watch?v=sRgIf2qHRUU
862,CHUNG HA (청하),PLAY (플레이),,k-pop,0.0,https://www.youtube.com/watch?v=y4TvHrIhOrc
863,(G)I-DLE ((여자)아이들),i'M THE TREND,,k-pop,0.0,https://www.youtube.com/watch?v=Qeu8HCKPkGY
864,오후 2:00,Heartbeat,,k-pop,0.0,https://www.youtube.com/watch?v=Br21Y1qoOmo
865,HYO,"DESSERT (Feat. Loopy, SOYEON ((G)I-DLE)",,k-pop,0.0,https://www.youtube.com/watch?v=VR14abD44g8
866,LEE HI,HOLO,,k-pop,0.0,https://www.youtube.com/watch?v=YivO2GNRitI
867,(G)I-DLE,DUMDi DUMDi,,k-pop,0.0,https://www.youtube.com/watch?v=NzHqUssNlj8
868,SISTAR(씨스타),Touch My Body (터치 마이 바디),,k-pop,0.0,https://www.youtube.com/watch?v=1STK-sQzfs0
869,TREASURE,BOY,,k-pop,0.0,https://www.youtube.com/watch?v=LRfKunr8cUI
870,iKON,Flower (너란 바람 따라),,k-pop,0.0,https://www.youtube.com/watch?v=e9rzQkQtZC0
871,MAMAMOO (마마무 ),Yes I Am (나로 말할 것 같으면),,k-pop,0.0,https://www.youtube.com/watch?v=Z3tqAuS9dkc
872,IVE (아이브),Kitsch,,k-pop,0.0,https://www.youtube.com/watch?v=3QV6FYHJxB8
873,ITZY,Be In Love,,k-pop,0.0,https://www.youtube.com/watch?v=xI_rj2jgoT4
874,KARD,GUNSHOT,,k-pop,0.0,https://www.youtube.com/watch?v=9YyOK9FSq0E
875,KARD,Hold On,,k-pop,0.0,https://www.youtube.com/watch?v=ZKHTfVxMJmI
876,fromis_9,Feel Good (SECRET CODE),,k-pop,0.0,https://www.youtube.com/watch?v=xLugmydoVss
877,EVERGLOW (에버글로우),LA DI DA,,k-pop,0.0,https://www.youtube.com/watch?v=j10c9VeE0r4
878,TREASURE,I Love You (사랑해),,k-pop,0.0,https://www.youtube.com/watch?v=1oFQ9Fs9x7U
879,BLACKPINK,Pretty Savage,,k-pop,0.0,https://www.youtube.com/watch?v=Y5CTz_iMxaI
880,BLACKPINK,You Never Know,,k-pop,0.0,https://www.youtube.com/watch?v=_AI3-XyteJY
881,EVERGLOW (에버글로우),No Good Reason,,k-pop,0.0,https://www.youtube.com/watch?v=QfCIzA88T34
882,LEE SUHYUN,ALIEN,,k-pop,0.0,https://www.youtube.com/watch?v=yGxqehUeJ3g
883,LOONA (이달의 소녀),Why Not?,,k-pop,0.0,https://www.youtube.com/watch?v=PzqvDl1jA9M
884,JISOO,All Eyes On Me,,k-pop,0.0,https://www.youtube.com/watch?v=yhv9QAnNYMk
885,TWICE,Hell In Heaven,,k-pop,0.0,https://www.youtube.com/watch?v=ZsNIYjNz50Y
886,tripleS (트리플에스),Rising,,k-pop,0.0,https://www.youtube.com/watch?v=QVXnNMWGYpE
887,SECRET NUMBER (시크릿넘버),Got That Boom,,k-pop,0.0,https://www.youtube.com/watch?v=IQNZ8_skpKs
888,TWICE,Up No More,,k-pop,0.0,https://www.youtube.com/watch?v=zhXXNwczuXQ
889,TWICE,Do What We Like,,k-pop,0.0,https://www.youtube.com/watch?v=SN1ipf5GfU0
890,Purple Kiss (퍼플키스),Sweet Juice,,k-pop,0.0,https://www.youtube.com/watch?v=5HaFNln--HA
891,TWICE,Queen,,k-pop,0.0,https://www.youtube.com/watch?v=iaYDtnb_RBw
892,TWICE,Go Hard,,k-pop,0.0,https://www.youtube.com/watch?v=NNV3t56H_3U
893,Beauty and the Beast,evermore,그대만을,disney,1.0,
894,Auli’i Cravalho (From "Moana"),Know Who You Are,너는 나를 알잖아,disney,1.0,
895,Jemaine Clement (From "Moana"),Shiny,빛나,disney,1.0,
896,Auli'i Cravalho (From "Moana"),How Far I'll Go,바다가 절 불렀어요,disney,1.0,
897,Moana,Where You Are,바로 여기야,disney,1.0,
898,lava,lava,라바,disney,1.0,
899,hercules,a star is born, 스타 탄생,disney,1.0,
900,Brave,Touch the sky,하늘 향해,disney,1.0,
901,Tangled,When will my life begin,내 인생 언제 달라질까,disney,1.0,
902,The hunchback of Notre dame,The bells of Norte dame,노틀담의 종,disney,1.0,
903,Mulan,I'll make a man out of you,대장부로 만들어 주마,disney,1.0,
904,Pocahontas,Just around the riverbend,강을 따라 가보면,disney,1.0,
905,Lion King,Can you feel the love tonight,오늘 밤의 사랑을 느낄 수 있나요?,disney,1.0,
906,Sleeping Beauty,Once upon a dream,어느 날 꿈속에서 그댈 만났지,disney,1.0,https://www.youtube.com/watch?v=HSp-wL1qBiE
907,Bolt,Barking at the moon,,disney,1.0,
908,Tangled,Mother knows best,엄마는 모두 알아,disney,1.0,
909,Tangled,When will my life begin (reprise),내 인생 언제 달라질까,disney,1.0,
910,Tangled,I got a dream,난 꿈이 있어,disney,1.0,
911,Tangled,Healing incantation,치유의 노래,disney,1.0,
912,the princess and the frog,Down in New Orleans,뉴올리언스에서는,disney,1.0,
913,the princess and the frog,Friend on the other side,저승 친구,disney,1.0,
914,the princess and the frog,When we're human,사람이 된다면,disney,1.0,
915,the princess and the frog,Gonna take you there,데려다 줄게요,disney,1.0,
916,the princess and the frog,Dig a little deeper,더 노력을 해봐,disney,1.0,
917,the princess and the frog,Down in New Orleans(finale),뉴올리언스에서는,disney,1.0,
918,the little mermaid,Kiss the girl,입맞춰,disney,1.0,
919,Aladdin,Arabian night,아라비안 나이트,disney,1.0,
920,Aladdin,One jump ahead,한발 더 먼저,disney,1.0,
921,Robin Williams (Aladdin),Friend like me,나 같은 친구,disney,1.0,
922,the lion king,Circle of Life,끝이 없는 길,disney,1.0,
923,the lion king,Be prepared,준비해,disney,1.0,
924,the lion king,Hakuna matata,하쿠나 마타타,disney,1.0,
925,Tarzan,You'll be in my heart,함께 사는 세상,disney,1.0,
926,Phil colins (Tarzan),Son of man,용감한 타잔이 되리,disney,1.0,
927,Phil colins (Tarzan),Stranger like me,말해줘요,disney,1.0,
928,Matilda(Musical),Naughty,똘끼,musical,1.0,
929,IF/THEN,What IF?,,musical,1.0,
930,IF/THEN,It's a Sign,,musical,1.0,
931,IF/THEN,A Map of New York,,musical,1.0,
932,IF/THEN,You Never Know,,musical,1.0,
933,IF/THEN,Ain't No Man Manhattan,,musical,1.0,
934,IF/THEN,What the Fuck?,,musical,1.0,
935,IF/THEN,Here I Go,,musical,1.0,
936,IF/THEN,You Don't Need to Love Me,,musical,1.0,
937,IF/THEN,No More Wasted Time,,musical,1.0,
938,IF/THEN,Surprise,,musical,1.0,
939,IF/THEN,This Day / Walking By A Wedding,,musical,1.0,
940,IF/THEN,"Hey, Kid​",,musical,1.0,
941,IF/THEN,Some Other Me,,musical,1.0,
942,IF/THEN,Best Worst Mistake,,musical,1.0,
943,IF/THEN,I Hate You,,musical,1.0,
944,BTS,Take two,Take two,,K-pop,1.0,
945,IF/THEN,You Learn to Live Without,,musical,1.0,
946,IF/THEN,The Moment Explodes,,musical,1.0,
947,IF/THEN,Love While You Can,,musical,1.0,
948,IF/THEN,What Would You Do?​,,musical,1.0,
949,IF/THEN,Always Starting Over,,musical,1.0,
950,various artists,silent night holy night,고요한 밤 거룩한 밤,hymn,1.0,
951,the phantom of the opera,think of me,생각해줘요,musical,1.0,
952,various artists,twinkle twinkle little star,반짝 반짝 작은 별,children,1.0,
953,the phantom of the opera,the phantom of the opera,오페라의 유령,musical,1.0,
954,the phantom of the opera,the music of the night,밤의 음악,musical,1.0,
955,zealander hayley westenra,snow flower,눈의꽃,j-pop,1.0,
956,the phantom of the opera,all i ask of you,나의 바람은 그대뿐,musical,1.0,
957,zealander hayley westenra,i am a thousand winds,천 개의 바람이 되어,j-pop,1.0,
958,the phantom of the opera,masquerade,머스커레이드,musical,1.0,
959,the phantom of the opera,wishing you were somehow here again,다시 돌아와 주신다면,musical,1.0,
960,cinema bizarre/shinee,forever or never,forever or never,pop,1.0,
961,various artists,amazing grace,나같은 죄인 살리신,hymn,1.0,
962,frozen,frozen heart,얼어붙은 심장,disney,1.0,
963,frozen,do you want to build a snowman?,같이 눈사람 만들래?,disney,1.0,
964,frozen,for the first time in forever,태어나서 처음으로,disney,1.0,
965,frozen,love is an open door,사랑은 열린 문,disney,1.0,
966,frozen,let it go,다 잊어,disney,1.0,
967,frozen,reindeer(s) are better than people,순록이 사람보다 낫지,disney,1.0,
968,frozen,in summer,여름날,disney,1.0,
969,frozen,fixer upper(the trolls),부족한 점(트롤송),disney,1.0,
970,various artists,jingle bell,징글벨,children,1.0,
971,mozart,gold falls from heaven,황금별,musical,1.0,
972,mozart,my shadow always follows me,내 운명 피하고 싶어,musical,1.0,
973,mozart,somewhere there's always a ball,난 예술가의 아내라,musical,1.0,
974,mozart,how can it be?,어떻게 이런 일이,musical,1.0,
975,various artists,the galaxy express 999,마징가z,anime,1.0,
976,zealander hayley westenra,nada sou sou (shining tears),눈물이나요,j-pop,1.0,
977,debbie gibson,i love you,i love you,j-pop,1.0,
978,ray charles,ellie my love,"elly, my love",pop,1.0,
979,debbie gibson,tsunami,그런가봐요...,j-pop,1.0,
980,beni,瞳を閉じて,가만히 눈을 감고,j-pop,1.0,
981,eric martin,川の流れのように,흐르는 강물처럼,j-pop,1.0,
982,eric martin,世界中の誰よりきっと,사랑의 바보,j-pop,1.0,
983,animetal usa,タッチ,touch,j-pop,1.0,
984,various artists,moonlight densetsu,세일러문,anime,1.0,
985,eric martin,あなたのキスを数えましょう,당신과의 키스를 세어보아요,j-pop,1.0,
986,lion king,i just can't wait to be king,왕이 될 거야,disney,1.0,
987,pinocchio,when you wish upon a star,별에 소원을,disney,1.0,
988,beauty and the beast,belle,5. 아름다운 벨,disney,1.0,
989,Mulan,reflection,숨겨진 내 모습,disney,1.0,
990,Aladdin,a whole new world,아름다운 세상,disney,1.0,
991,The Little Mermaid,part of your world,저곳으로,disney,1.0,
992,Moana,You're Welcome,괜찮아,disney,1.0,
993,Tangled,I see the light,빛이 드디어 보여,disney,1.0,
994,Tarzan,Two worlds,눈부신 아침,disney,1.0,
995,Tangled,wind in my hair,머리 휘날리며,disney,1.0,
996,Elena of Avalor,my time,마이 타임,disney,1.0,
997,Moana,how far I will go,나 언젠간 떠날 거야,disney,1.0,
998,Zootopia,Try Everything,최선을 다해,disney,1.0,
999,The Princess and the Frog,Almost there,거의 다 왔어,disney,1.0,
1000,Beauty and the Beast,something there,무엇인가,disney,1.0,